id,first_name,last_name
12284828,Karen,Scurlock
12819752,Patricia,Mims
14863217,Charles,Thompson
21380437,Nelson,Stewart
23755750,Robert,Burruss
25327474,Sara,Lawson
27286839,Alberto,Fisher
28651346,Renee,Radford
30359496,Anthony,Prince
32514460,Erika,Blom
36564293,Riley,Phillips
39274405,Joseph,Sung
39740988,Brett,Clark
42937589,Nelson,Anderson
46067546,Shelley,Lipsky
46562627,Martha,Stimpson
48552904,Shannon,White
48763429,Lindsey,Reynolds
48903277,Johnny,Warren
65760752,Alejandro,Mcdougall
67196652,Cindy,Harris
76091989,Gertrude,Nelson
76627958,Kimberly,Campbell
76666022,James,Watkins
77002627,Donna,Haynes
77144856,Emily,Gaines
82395695,Richard,Spears
87353442,David,Nale
87845722,George,Peterson
91598067,Sean,Cannon
92095170,Jeremy,Moreland
95697815,Velma,Dial
99073018,Tyrone,Warner
